{
  "timestamp": 1771679086013,
  "results": [
    {
      "coin": "ETH",
      "tf": "15m",
      "lr": {
        "wr": 0.6666666666666666,
        "trades": 66,
        "wins": 44,
        "pnl": 220,
        "thr": 0.56
      },
      "dt": {
        "wr": 0.5298263277120564,
        "trades": 3973,
        "wins": 2105,
        "pnl": 2370,
        "thr": 0.54
      },
      "ensemble": {
        "wr": 0.5411661295048344,
        "trades": 3413,
        "wins": 1847,
        "pnl": 2810,
        "thr": 0.53
      },
      "baselineStreak": 0.5902712815715622
    },
    {
      "coin": "BTC",
      "tf": "15m",
      "lr": {
        "wr": 0.5805084745762712,
        "trades": 472,
        "wins": 274,
        "pnl": 760,
        "thr": 0.54
      },
      "dt": {
        "wr": 0.5366336633663367,
        "trades": 1515,
        "wins": 813,
        "pnl": 1110,
        "thr": 0.58
      },
      "ensemble": {
        "wr": 0.555984555984556,
        "trades": 259,
        "wins": 144,
        "pnl": 290,
        "thr": 0.6
      },
      "baselineStreak": 0.5840297121634169
    },
    {
      "coin": "SOL",
      "tf": "15m",
      "lr": {
        "wr": 0.5481049562682215,
        "trades": 343,
        "wins": 188,
        "pnl": 330,
        "thr": 0.55
      },
      "dt": {
        "wr": 0.5365853658536586,
        "trades": 615,
        "wins": 330,
        "pnl": 450,
        "thr": 0.58
      },
      "ensemble": {
        "wr": 0.5517241379310345,
        "trades": 232,
        "wins": 128,
        "pnl": 240,
        "thr": 0.6
      },
      "baselineStreak": 0.5514771709937332
    }
  ],
  "portfolio": {
    "wr": 0.5792207792207792,
    "trades": 770,
    "pnl": 1220
  }
}