{
  "timestamp": 1771680186001,
  "gbdt": [
    {
      "coin": "ETH",
      "tf": "5m",
      "wr": 0.5951008645533141,
      "trades": 694,
      "pnl": 1320,
      "wins": 413,
      "thr": 0.53
    },
    {
      "coin": "ETH",
      "tf": "15m",
      "wr": 0.5514705882352942,
      "trades": 136,
      "pnl": 140,
      "wins": 75,
      "thr": 0.52
    },
    {
      "coin": "BTC",
      "tf": "15m",
      "wr": 0.6496350364963503,
      "trades": 137,
      "pnl": 410,
      "wins": 89,
      "thr": 0.54
    }
  ]
}