{
  "timestamp": 1771679207110,
  "results": [
    {
      "coin": "ETH",
      "noFilter": {
        "wr": 0.5902726602800294,
        "trades": 1357,
        "pnl": 2450
      },
      "rfBest": {
        "wr": 0.6097560975609756,
        "trades": 492,
        "pnl": 1080,
        "wins": 300,
        "thr": 0.58
      },
      "bodyAtrBest": {
        "wr": 0.6237288135593221,
        "trades": 295,
        "pnl": 730,
        "thr": 1.1
      }
    },
    {
      "coin": "BTC",
      "noFilter": {
        "wr": 0.5858421480878763,
        "trades": 1229,
        "pnl": 2110
      },
      "rfBest": {
        "wr": 0.6180422264875239,
        "trades": 521,
        "pnl": 1230,
        "wins": 322,
        "thr": 0.55
      },
      "bodyAtrBest": {
        "wr": 0.6211180124223602,
        "trades": 322,
        "pnl": 780,
        "thr": 0.9
      }
    },
    {
      "coin": "SOL",
      "noFilter": {
        "wr": 0.5520974289580515,
        "trades": 1478,
        "pnl": 1540
      },
      "rfBest": {
        "wr": 0.5833333333333334,
        "trades": 96,
        "pnl": 160,
        "wins": 56,
        "thr": 0.6
      },
      "bodyAtrBest": {
        "wr": 0.595679012345679,
        "trades": 324,
        "pnl": 620,
        "thr": 1.1
      }
    }
  ],
  "portfolio": {
    "noFilter": {
      "wr": 0.5750492125984252,
      "wins": 2337,
      "total": 4064
    },
    "rfFilter": {
      "wr": 0.6113615870153292,
      "wins": 678,
      "total": 1109
    }
  },
  "combined": {
    "wr": 0.7345454545454545,
    "trades": 275,
    "pnl": 1290
  }
}