{
  "generatedAt": "2026-02-21T11:03:30.105Z",
  "totalRuns": 1920,
  "validTestRuns": 920,
  "profitableTestRuns": 76,
  "crossValidatedRuns": 0,
  "modeStats": {
    "threshold": {
      "avgWinRate": 48.5188333333333,
      "avgSharpe": -0.4713333333333335,
      "count": 240,
      "profitable": 8
    },
    "crossover": {
      "avgWinRate": 45.44599999999989,
      "avgSharpe": -1.4539999999999997,
      "count": 200,
      "profitable": 0
    },
    "every_candle": {
      "avgWinRate": 48.37166666666675,
      "avgSharpe": -0.5183333333333313,
      "count": 240,
      "profitable": 0
    },
    "combined": {
      "avgWinRate": 48.327999999999946,
      "avgSharpe": -0.5326666666666676,
      "count": 240,
      "profitable": 4
    }
  },
  "tfStats": {
    "1m": {
      "avgWinRate": 47.052750000000024,
      "avgSharpe": -0.9382500000000003,
      "count": 160,
      "profitable": 0
    },
    "5m": {
      "avgWinRate": 46.622249999999966,
      "avgSharpe": -1.07775,
      "count": 160,
      "profitable": 0
    },
    "15m": {
      "avgWinRate": 46.428250000000034,
      "avgSharpe": -1.1397499999999976,
      "count": 160,
      "profitable": 0
    },
    "30m": {
      "avgWinRate": 48.00175000000006,
      "avgSharpe": -0.6364999999999987,
      "count": 160,
      "profitable": 0
    },
    "1h": {
      "avgWinRate": 47.97975000000012,
      "avgSharpe": -0.6442500000000003,
      "count": 160,
      "profitable": 0
    },
    "4h": {
      "avgWinRate": 51.40066666666662,
      "avgSharpe": 0.44733333333333386,
      "count": 120,
      "profitable": 12
    }
  },
  "threshStats": {
    "1": {
      "avgWinRate": 47.909999999999975,
      "avgSharpe": -0.6665217391304357,
      "count": 92
    },
    "2": {
      "avgWinRate": 47.91826086956522,
      "avgSharpe": -0.6630434782608701,
      "count": 92
    },
    "3": {
      "avgWinRate": 47.83304347826084,
      "avgSharpe": -0.6908695652173913,
      "count": 92
    },
    "4": {
      "avgWinRate": 47.83565217391305,
      "avgSharpe": -0.6895652173913046,
      "count": 92
    },
    "5": {
      "avgWinRate": 47.789130434782635,
      "avgSharpe": -0.7047826086956531,
      "count": 92
    },
    "6": {
      "avgWinRate": 47.480434782608675,
      "avgSharpe": -0.803478260869566,
      "count": 92
    },
    "8": {
      "avgWinRate": 47.1391304347826,
      "avgSharpe": -0.9130434782608706,
      "count": 92
    },
    "0.5": {
      "avgWinRate": 47.91608695652174,
      "avgSharpe": -0.6639130434782612,
      "count": 92
    },
    "1.5": {
      "avgWinRate": 47.8991304347826,
      "avgSharpe": -0.6695652173913046,
      "count": 92
    },
    "2.5": {
      "avgWinRate": 47.90565217391306,
      "avgSharpe": -0.6673913043478265,
      "count": 92
    }
  },
  "topBySharpe": [
    {
      "id": "ETH_4h_threshold_all_4_test",
      "coin": "ETH",
      "timeframe": "4h",
      "signalMode": "threshold",
      "strategy": "all",
      "threshold": 4,
      "period": "test",
      "totalTrades": 292,
      "winRate": 53.08,
      "totalPnl": 180,
      "sharpe": 0.98,
      "maxDrawdown": 11.36,
      "profitFactor": 1.13,
      "edgePerTrade": 0.62
    },
    {
      "id": "ETH_4h_threshold_momentum_burst_4_test",
      "coin": "ETH",
      "timeframe": "4h",
      "signalMode": "threshold",
      "strategy": "momentum_burst",
      "threshold": 4,
      "period": "test",
      "totalTrades": 292,
      "winRate": 53.08,
      "totalPnl": 180,
      "sharpe": 0.98,
      "maxDrawdown": 11.36,
      "profitFactor": 1.13,
      "edgePerTrade": 0.62
    },
    {
      "id": "ETH_4h_threshold_mean_reversion_4_test",
      "coin": "ETH",
      "timeframe": "4h",
      "signalMode": "threshold",
      "strategy": "mean_reversion",
      "threshold": 4,
      "period": "test",
      "totalTrades": 292,
      "winRate": 53.08,
      "totalPnl": 180,
      "sharpe": 0.98,
      "maxDrawdown": 11.36,
      "profitFactor": 1.13,
      "edgePerTrade": 0.62
    },
    {
      "id": "ETH_4h_threshold_vwap_4_test",
      "coin": "ETH",
      "timeframe": "4h",
      "signalMode": "threshold",
      "strategy": "vwap",
      "threshold": 4,
      "period": "test",
      "totalTrades": 292,
      "winRate": 53.08,
      "totalPnl": 180,
      "sharpe": 0.98,
      "maxDrawdown": 11.36,
      "profitFactor": 1.13,
      "edgePerTrade": 0.62
    },
    {
      "id": "ETH_4h_threshold_all_5_test",
      "coin": "ETH",
      "timeframe": "4h",
      "signalMode": "threshold",
      "strategy": "all",
      "threshold": 5,
      "period": "test",
      "totalTrades": 278,
      "winRate": 52.52,
      "totalPnl": 140,
      "sharpe": 0.8,
      "maxDrawdown": 12.4,
      "profitFactor": 1.11,
      "edgePerTrade": 0.5
    },
    {
      "id": "ETH_4h_threshold_momentum_burst_5_test",
      "coin": "ETH",
      "timeframe": "4h",
      "signalMode": "threshold",
      "strategy": "momentum_burst",
      "threshold": 5,
      "period": "test",
      "totalTrades": 278,
      "winRate": 52.52,
      "totalPnl": 140,
      "sharpe": 0.8,
      "maxDrawdown": 12.4,
      "profitFactor": 1.11,
      "edgePerTrade": 0.5
    },
    {
      "id": "ETH_4h_threshold_mean_reversion_5_test",
      "coin": "ETH",
      "timeframe": "4h",
      "signalMode": "threshold",
      "strategy": "mean_reversion",
      "threshold": 5,
      "period": "test",
      "totalTrades": 278,
      "winRate": 52.52,
      "totalPnl": 140,
      "sharpe": 0.8,
      "maxDrawdown": 12.4,
      "profitFactor": 1.11,
      "edgePerTrade": 0.5
    },
    {
      "id": "ETH_4h_threshold_vwap_5_test",
      "coin": "ETH",
      "timeframe": "4h",
      "signalMode": "threshold",
      "strategy": "vwap",
      "threshold": 5,
      "period": "test",
      "totalTrades": 278,
      "winRate": 52.52,
      "totalPnl": 140,
      "sharpe": 0.8,
      "maxDrawdown": 12.4,
      "profitFactor": 1.11,
      "edgePerTrade": 0.5
    },
    {
      "id": "ETH_4h_combined_all_4_test",
      "coin": "ETH",
      "timeframe": "4h",
      "signalMode": "combined",
      "strategy": "all",
      "threshold": 4,
      "period": "test",
      "totalTrades": 189,
      "winRate": 52.38,
      "totalPnl": 90,
      "sharpe": 0.76,
      "maxDrawdown": 10.81,
      "profitFactor": 1.1,
      "edgePerTrade": 0.48
    },
    {
      "id": "ETH_4h_combined_momentum_burst_4_test",
      "coin": "ETH",
      "timeframe": "4h",
      "signalMode": "combined",
      "strategy": "momentum_burst",
      "threshold": 4,
      "period": "test",
      "totalTrades": 189,
      "winRate": 52.38,
      "totalPnl": 90,
      "sharpe": 0.76,
      "maxDrawdown": 10.81,
      "profitFactor": 1.1,
      "edgePerTrade": 0.48
    }
  ],
  "topByWinRate": [
    {
      "id": "ETH_4h_threshold_all_4_test",
      "coin": "ETH",
      "timeframe": "4h",
      "signalMode": "threshold",
      "strategy": "all",
      "threshold": 4,
      "period": "test",
      "totalTrades": 292,
      "winRate": 53.08,
      "totalPnl": 180,
      "sharpe": 0.98,
      "maxDrawdown": 11.36,
      "profitFactor": 1.13,
      "edgePerTrade": 0.62
    },
    {
      "id": "ETH_4h_threshold_momentum_burst_4_test",
      "coin": "ETH",
      "timeframe": "4h",
      "signalMode": "threshold",
      "strategy": "momentum_burst",
      "threshold": 4,
      "period": "test",
      "totalTrades": 292,
      "winRate": 53.08,
      "totalPnl": 180,
      "sharpe": 0.98,
      "maxDrawdown": 11.36,
      "profitFactor": 1.13,
      "edgePerTrade": 0.62
    },
    {
      "id": "ETH_4h_threshold_mean_reversion_4_test",
      "coin": "ETH",
      "timeframe": "4h",
      "signalMode": "threshold",
      "strategy": "mean_reversion",
      "threshold": 4,
      "period": "test",
      "totalTrades": 292,
      "winRate": 53.08,
      "totalPnl": 180,
      "sharpe": 0.98,
      "maxDrawdown": 11.36,
      "profitFactor": 1.13,